,clientes,compras,fornecedores
0,5739,30504,6
1,4551,21063,0
2,2365,15323,1
3,2348,33780,0
4,1693,8724,0
5,1392,9171,1
6,1349,10013,0
7,1330,1504,13
8,1326,11036,0
9,1243,9199,0
10,1194,7615,0
11,1098,6474,0
12,1054,8094,1
13,1051,6671,3
14,917,4759,0
15,1038,5933,8
16,890,4893,0
17,839,157,3
18,794,5963,0
19,695,2486,2
20,594,6452,2
21,547,17,1
22,492,3493,3
23,481,2129,8
24,474,8827,3
25,458,2271,0
26,444,5196,1
27,428,105,3
28,429,2429,0
29,425,14244,0
30,395,3907,1
31,384,1692,2
32,369,727,5
33,344,1973,8
34,334,6013,2
35,324,2122,0
36,319,1569,3
37,320,7310,0
38,293,3058,16
39,297,1747,1
40,298,1873,0
41,286,1336,10
42,293,319,1
43,282,4775,2
44,280,2721,0
45,275,3027,2
46,275,3476,0
47,256,1546,7
48,257,3850,4
49,256,3529,1
50,254,1722,0
51,253,4555,0
52,229,139,23
53,247,1014,5
54,248,1743,1
55,241,2962,0
56,238,2444,1
57,225,0,10
58,221,5290,1
59,215,2557,2
60,214,1364,0
61,212,624,1
62,205,2096,5
63,206,3713,1
64,205,1710,2
65,205,2023,1
66,205,1639,0
67,205,1223,0
68,194,1399,9
69,189,2965,5
70,178,1360,11
71,188,3665,0
72,187,1286,0
73,187,914,0
74,185,412,1
75,185,1175,0
76,184,4579,0
77,171,1017,0
78,162,703,8
79,167,1951,2
80,164,2175,4
81,166,1511,0
82,162,835,2
83,163,3119,0
84,161,1195,2
85,158,1214,3
86,161,1477,0
87,157,2231,0
88,154,3141,2
89,153,1977,1
90,149,1203,3
91,150,1217,1
92,150,1835,0
93,147,1720,2
94,148,1175,0
95,140,543,6
96,146,8229,0
97,135,2458,5
98,139,22,1
99,138,2648,0
100,134,1232,2
101,129,651,7
102,135,1484,0
103,123,3,10
104,130,936,2
105,132,1355,0
106,129,514,3
107,127,1516,4
108,129,83,2
109,127,648,1
110,126,2156,1
111,125,1031,0
112,124,4954,1
113,123,713,1
114,123,1982,0
115,122,3828,0
116,117,753,2
117,118,2433,0
118,105,230,13
119,117,1917,0
120,112,740,4
121,109,531,6
122,114,3910,1
123,113,54,2
124,115,724,0
125,114,2714,0
126,111,104,3
127,114,249,0
128,112,1055,1
129,104,1962,9
130,113,2371,0
131,111,2422,1
132,111,2288,1
133,93,22,18
134,110,994,1
135,111,2358,0
136,107,1226,2
137,105,841,4
138,107,3553,2
139,108,462,0
140,107,675,0
141,103,838,3
142,103,1269,2
143,103,1995,0
144,102,2228,0
145,102,2598,0
146,101,462,1
147,100,594,2
148,100,442,1
149,101,740,0
150,93,1491,7
151,99,2395,1
152,99,742,1
153,100,630,0
154,99,1784,1
155,99,1407,0
156,99,828,0
157,94,837,5
158,97,506,2
159,95,963,3
160,94,3937,3
161,97,967,0
162,95,73,1
163,95,237,0
164,91,1554,4
165,95,700,0
166,94,988,0
167,93,0,1
168,93,1361,0
169,93,568,0
170,88,1343,3
171,88,483,2
172,89,2216,1
173,85,224,5
174,89,2054,0
175,79,283,9
176,88,1679,0
177,88,1151,0
178,87,1123,0
179,87,530,0
180,87,265,0
181,87,557,0
182,86,504,0
183,85,1066,1
184,86,589,0
185,86,1119,0
186,86,1432,0
187,85,8252,0
188,85,602,0
189,81,1812,3
190,83,1454,0
191,82,1221,1
192,83,544,0
193,81,1322,0
194,81,727,0
195,80,448,0
196,80,1474,0
197,77,83,3
198,79,1268,0
199,79,969,0
200,79,813,0
201,77,2578,2
202,76,49,3
203,78,722,0
204,76,719,2
205,77,782,0
206,76,296,1
207,76,1048,1
208,73,110,4
209,74,1504,3
210,75,1147,1
211,76,472,0
212,75,841,1
213,68,62,8
214,73,1638,2
215,73,347,2
216,74,1146,1
217,73,483,2
218,73,313,2
219,73,8,2
220,70,586,5
221,72,495,2
222,74,809,0
223,71,575,2
224,71,109,2
225,68,20,5
226,72,973,1
227,70,991,2
228,69,115,3
229,71,404,1
230,68,880,3
231,70,3110,1
232,71,1748,0
233,69,3,2
234,70,468,1
235,70,548,1
236,70,1409,1
237,70,768,0
238,66,7959,4
239,65,452,5
240,68,177,2
241,68,214,1
242,68,829,1
243,65,367,4
244,69,377,0
245,69,653,0
246,62,462,6
247,68,338,0
248,68,812,0
249,66,277,2
250,67,459,0
251,67,752,0
252,67,417,0
253,56,226,10
254,64,69,2
255,66,1318,0
256,65,971,1
257,65,2,1
258,65,652,0
259,62,795,3
260,64,723,1
261,63,767,2
262,65,964,0
263,65,642,0
264,65,129,0
265,63,1585,1
266,64,564,0
267,63,2977,0
268,63,983,0
269,63,143,0
270,63,2424,0
271,63,639,0
272,61,397,1
273,60,1566,2
274,62,1247,0
275,59,316,3
276,59,464,3
277,61,581,0
278,60,400,1
279,61,334,0
280,61,611,0
281,61,226,0
282,60,301,1
283,59,335,1
284,60,1221,0
285,60,348,0
286,60,271,0
287,58,620,1
288,59,1777,0
289,41,143,18
290,54,1652,4
291,56,749,2
292,54,311,4
293,57,421,1
294,57,898,0
295,51,917,6
296,56,706,1
297,53,169,4
298,57,1051,0
299,57,474,0
300,56,311,1
301,56,2411,1
302,52,0,5
303,55,486,2
304,28,1978,28
305,56,196,0
306,56,760,0
307,55,455,1
308,56,774,0
309,55,369,1
310,56,1925,0
311,50,85,6
312,56,236,0
313,55,101,1
314,55,374,0
315,52,730,3
316,54,491,1
317,54,1312,1
318,48,203,7
319,54,418,1
320,51,0,4
321,54,174,1
322,54,480,0
323,53,573,1
324,53,699,1
325,50,347,4
326,54,445,0
327,48,184,5
328,50,100,3
329,53,682,0
330,50,107,3
331,51,893,2
332,52,763,0
333,52,238,0
334,52,1190,0
335,52,281,0
336,51,1021,1
337,47,308,5
338,52,231,0
339,49,1058,2
340,51,654,0
341,51,517,0
342,49,541,2
343,51,912,0
344,48,845,3
345,50,651,0
346,48,611,2
347,49,58,1
348,47,61,3
349,50,800,0
350,50,774,0
351,49,911,1
352,50,454,0
353,48,712,1
354,48,806,1
355,47,0,2
356,49,531,0
357,49,300,0
358,48,481,1
359,44,133,4
360,46,227,2
361,48,769,0
362,45,424,3
363,48,394,0
364,47,651,0
365,47,610,0
366,47,242,0
367,47,654,0
368,47,301,0
369,47,678,0
370,43,460,3
371,46,249,0
372,46,829,0
373,46,258,0
374,43,343,3
375,45,445,0
376,45,458,0
377,45,281,0
378,42,688,3
379,45,169,0
380,45,858,0
381,45,466,0
382,45,709,0
383,39,258,6
384,42,364,3
385,45,685,0
386,44,594,1
387,44,186,1
388,45,143,0
389,45,163,0
390,44,925,0
391,43,116,1
392,44,475,0
393,42,330,2
394,43,346,1
395,44,451,0
396,44,244,0
397,43,766,1
398,44,543,0
399,44,310,0
400,44,251,0
401,43,405,1
402,43,1412,0
403,43,886,0
404,42,475,1
405,42,676,1
406,43,958,0
407,42,199,1
408,43,228,0
409,42,683,1
410,43,212,0
411,43,540,0
412,39,94,4
413,42,935,0
414,40,680,2
415,41,259,1
416,42,440,0
417,41,694,1
418,42,1238,0
419,42,1030,0
420,40,421,1
421,41,1089,0
422,38,395,3
423,39,291,2
424,34,94,7
425,40,31,1
426,40,133,0
427,38,398,2
428,38,316,2
429,40,719,0
430,40,425,0
431,35,378,5
432,39,158,1
433,38,151,1
434,39,377,0
435,38,230,1
436,39,627,0
437,39,391,0
438,39,265,0
439,39,342,0
440,38,262,0
441,38,351,0
442,38,790,0
443,38,250,0
444,37,26,1
445,35,160,3
446,38,342,0
447,37,311,1
448,37,511,1
449,36,433,2
450,38,637,0
451,35,61,3
452,38,396,0
453,38,29,0
454,34,142,4
455,37,557,0
456,37,375,0
457,37,2933,0
458,37,108,0
459,37,170,0
460,37,718,0
461,37,385,0
462,36,5,1
463,36,201,0
464,34,709,2
465,34,411,2
466,36,292,0
467,36,158,0
468,33,160,3
469,36,381,0
470,35,462,1
471,35,595,1
472,36,624,0
473,34,851,2
474,36,242,0
475,36,576,0
476,36,377,0
477,36,471,0
478,34,133,2
479,35,83,0
480,33,792,2
481,33,459,2
482,33,319,2
483,34,323,1
484,35,128,0
485,34,816,1
486,35,474,0
487,34,192,0
488,34,403,0
489,33,601,1
490,34,340,0
491,34,130,0
492,34,304,0
493,32,2,2
494,33,423,1
495,34,60,0
496,33,900,0
497,31,44,2
498,33,888,0
499,33,921,0
500,33,646,0
501,33,269,0
502,33,456,0
503,33,92,0
504,32,322,1
505,32,384,1
506,33,930,0
507,33,1144,0
508,32,0,1
509,33,199,0
510,33,252,0
511,33,145,0
512,31,259,1
513,32,94,0
514,27,57,5
515,32,472,0
516,31,729,1
517,32,351,0
518,31,54,1
519,30,98,2
520,32,685,0
521,32,132,0
522,32,290,0
523,29,129,3
524,26,508,6
525,29,486,3
526,32,241,0
527,32,130,0
528,28,204,4
529,30,232,1
530,30,194,1
531,31,160,0
532,30,264,1
533,31,155,0
534,31,897,0
535,31,517,0
536,28,237,3
537,28,119,3
538,30,65,1
539,31,411,0
540,31,555,0
541,27,24,4
542,29,567,2
543,31,635,0
544,30,157,1
545,30,482,0
546,30,793,0
547,30,164,0
548,30,232,0
549,28,66,2
550,29,344,1
551,28,98,2
552,30,271,0
553,30,90,0
554,28,66,2
555,25,224,5
556,30,363,0
557,30,291,0
558,30,244,0
559,30,324,0
560,26,63,4
561,30,114,0
562,30,260,0
563,30,272,0
564,30,282,0
565,27,436,2
566,29,1350,0
567,28,103,1
568,26,294,3
569,27,0,2
570,29,601,0
571,29,307,0
572,28,165,0
573,27,350,1
574,28,894,0
575,28,253,0
576,28,476,0
577,28,2063,0
578,28,205,0
579,27,17,1
580,27,501,1
581,27,297,1
582,28,67,0
583,28,333,0
584,26,142,2
585,26,199,2
586,28,742,0
587,25,310,3
588,27,343,1
589,28,463,0
590,24,251,4
591,27,40,1
592,27,187,1
593,28,27,0
594,28,268,0
595,24,0,4
596,27,220,0
597,24,197,3
598,26,196,1
599,27,712,0
600,27,1837,0
601,27,87,0
602,27,130,0
603,27,407,0
604,26,635,1
605,26,800,1
606,25,270,2
607,27,466,0
608,27,14,0
609,26,314,1
610,23,83,4
611,26,425,1
612,26,13,1
613,27,419,0
614,26,239,1
615,23,139,3
616,26,313,0
617,26,70,0
618,26,251,0
619,26,384,0
620,22,415,4
621,26,630,0
622,26,234,0
623,26,169,0
624,25,238,1
625,25,395,1
626,26,488,0
627,23,147,3
628,26,242,0
629,26,116,0
630,25,160,1
631,25,290,1
632,26,206,0
633,25,564,0
634,25,518,0
635,22,276,3
636,25,834,0
637,22,275,3
638,21,225,4
639,25,214,0
640,25,219,0
641,23,132,2
642,25,262,0
643,25,426,0
644,25,254,0
645,22,303,3
646,22,148,3
647,24,417,1
648,24,415,1
649,25,347,0
650,23,232,2
651,25,28,0
652,24,222,1
653,23,21,2
654,23,99,1
655,23,177,1
656,23,252,1
657,24,234,0
658,24,253,0
659,24,244,0
660,24,161,0
661,24,276,0
662,24,447,0
663,23,134,1
664,24,382,0
665,24,172,0
666,24,84,0
667,18,91,6
668,24,459,0
669,24,626,0
670,24,112,0
671,24,131,0
672,22,298,2
673,22,132,2
674,12,32,12
675,24,509,0
676,24,177,0
677,22,50,0
678,23,158,0
679,22,227,1
680,23,323,0
681,22,168,1
682,23,78,0
683,23,424,0
684,23,133,0
685,23,178,0
686,23,514,0
687,22,253,1
688,23,305,0
689,23,680,0
690,23,234,0
691,21,1042,2
692,23,211,0
693,19,228,4
694,21,231,2
695,23,429,0
696,23,181,0
697,23,260,0
698,23,237,0
699,23,310,0
700,23,477,0
701,23,105,0
702,18,175,5
703,23,456,0
704,23,431,0
705,23,322,0
706,23,205,0
707,23,832,0
708,23,538,0
709,21,384,2
710,23,243,0
711,23,195,0
712,21,203,1
713,22,355,0
714,21,103,1
715,22,361,0
716,18,54,4
717,22,185,0
718,21,51,1
719,22,46,0
720,21,20,1
721,21,283,1
722,21,1441,1
723,21,215,1
724,22,0,0
725,22,315,0
726,22,273,0
727,22,158,0
728,22,241,0
729,22,171,0
730,21,265,1
731,22,116,0
732,22,495,0
733,21,167,1
734,21,314,0
735,21,141,0
736,21,284,0
737,18,317,3
738,19,138,2
739,21,2230,0
740,21,935,0
741,21,237,0
742,21,243,0
743,21,311,0
744,21,131,0
745,20,604,1
746,18,244,3
747,21,642,0
748,19,252,2
749,21,241,0
750,18,224,3
751,19,3,2
752,17,156,4
753,21,369,0
754,20,163,0
755,18,165,2
756,17,120,3
757,20,252,0
758,20,155,0
759,20,674,0
760,20,83,0
761,20,428,0
762,19,59,1
763,20,830,0
764,20,175,0
765,20,114,0
766,20,590,0
767,20,115,0
768,20,677,0
769,20,141,0
770,20,346,0
771,20,239,0
772,20,715,0
773,20,250,0
774,17,24,3
775,19,20,1
776,19,174,1
777,20,319,0
778,18,136,1
779,19,208,0
780,16,327,3
781,18,287,1
782,19,56,0
783,19,314,0
784,19,94,0
785,19,126,0
786,19,135,0
787,18,109,1
788,17,252,2
789,19,96,0
790,19,89,0
791,19,393,0
792,19,167,0
793,19,358,0
794,19,55,0
795,19,197,0
796,18,122,1
797,19,252,0
798,19,105,0
799,18,780,1
800,18,240,0
801,16,253,2
802,18,125,0
803,18,407,0
804,17,75,1
805,18,729,0
806,18,204,0
807,17,118,1
808,18,231,0
809,18,89,0
810,15,89,3
811,18,129,0
812,18,417,0
813,18,232,0
814,18,476,0
815,17,427,1
816,18,515,0
817,17,172,1
818,18,273,0
819,18,615,0
820,15,75,3
821,16,165,2
822,18,91,0
823,18,281,0
824,17,306,1
825,18,321,0
826,18,115,0
827,18,213,0
828,18,261,0
829,14,133,4
830,18,393,0
831,17,133,1
832,18,24,0
833,18,278,0
834,16,146,2
835,18,517,0
836,17,97,1
837,18,336,0
838,18,308,0
839,15,199,2
840,17,70,0
841,17,180,0
842,17,78,0
843,17,303,0
844,16,82,1
845,17,303,0
846,17,468,0
847,17,137,0
848,17,98,0
849,17,888,0
850,17,89,0
851,17,246,0
852,13,0,4
853,17,160,0
854,16,56,1
855,17,143,0
856,17,289,0
857,16,47,1
858,17,189,0
859,17,93,0
860,17,44,0
861,17,167,0
862,16,251,1
863,16,26,1
864,17,323,0
865,15,66,2
866,17,77,0
867,17,285,0
868,17,132,0
869,16,130,1
870,16,174,0
871,15,178,1
872,15,29,1
873,16,217,0
874,16,57,0
875,16,211,0
876,16,85,0
877,16,246,0
878,16,162,0
879,14,402,2
880,16,476,0
881,15,65,1
882,16,539,0
883,11,18,5
884,16,366,0
885,16,104,0
886,16,111,0
887,16,253,0
888,16,119,0
889,16,89,0
890,15,288,1
891,15,162,1
892,16,58,0
893,15,121,1
894,16,100,0
895,16,50,0
896,15,97,1
897,16,286,0
898,16,579,0
899,14,221,1
900,15,100,0
901,15,89,0
902,15,53,0
903,14,305,1
904,15,143,0
905,14,152,1
906,6,29,9
907,14,77,1
908,14,85,1
909,8,61,7
910,15,347,0
911,15,218,0
912,14,346,1
913,9,12,6
914,15,295,0
915,15,104,0
916,14,254,1
917,14,212,1
918,15,131,0
919,15,274,0
920,15,153,0
921,15,42,0
922,15,94,0
923,15,185,0
924,15,193,0
925,15,114,0
926,14,68,1
927,15,414,0
928,15,118,0
929,15,112,0
930,13,54,2
931,15,114,0
932,12,155,2
933,14,160,0
934,14,362,0
935,14,167,0
936,14,210,0
937,13,188,1
938,13,41,1
939,14,57,0
940,12,79,2
941,14,93,0
942,14,75,0
943,14,55,0
944,14,528,0
945,14,123,0
946,14,296,0
947,14,169,0
948,14,195,0
949,14,291,0
950,14,158,0
951,14,119,0
952,14,54,0
953,14,257,0
954,14,99,0
955,14,320,0
956,14,123,0
957,14,124,0
958,14,90,0
959,13,287,1
960,14,338,0
961,13,214,1
962,13,407,1
963,14,63,0
964,14,152,0
965,14,177,0
966,14,138,0
967,13,18,1
968,14,120,0
969,14,49,0
970,8,65,6
971,14,165,0
972,14,79,0
973,13,126,1
974,12,231,2
975,14,345,0
976,14,92,0
977,13,286,1
978,14,112,0
979,14,442,0
980,13,111,0
981,12,185,1
982,8,42,5
983,13,194,0
984,13,156,0
985,13,154,0
986,13,176,0
987,13,20,0
988,13,263,0
989,13,42,0
990,13,310,0
991,13,476,0
992,13,206,0
993,13,149,0
994,11,67,2
995,13,229,0
996,13,151,0
997,13,178,0
998,13,113,0
999,13,39,0
1000,12,75,1
1001,13,185,0
1002,13,42,0
1003,13,301,0
1004,8,96,5
1005,12,44,1
1006,13,225,0
1007,13,114,0
1008,12,47,1
1009,12,251,1
1010,11,115,2
1011,12,98,0
1012,11,236,1
1013,11,349,1
1014,12,145,0
1015,12,233,0
1016,12,92,0
1017,12,36,0
1018,12,96,0
1019,11,453,1
1020,12,77,0
1021,10,156,2
1022,12,204,0
1023,12,162,0
1024,12,205,0
1025,12,150,0
1026,10,62,2
1027,12,103,0
1028,11,132,1
1029,12,301,0
1030,11,200,1
1031,11,166,1
1032,12,96,0
1033,12,223,0
1034,6,27,6
1035,12,267,0
1036,12,194,0
1037,11,68,1
1038,11,60,1
1039,12,113,0
1040,12,134,0
1041,12,284,0
1042,12,270,0
1043,12,132,0
1044,10,0,2
1045,12,106,0
1046,12,45,0
1047,10,176,2
1048,10,2,2
1049,12,37,0
1050,11,231,1
1051,12,130,0
1052,12,274,0
1053,11,34,1
1054,12,284,0
1055,11,135,1
1056,11,79,1
1057,8,113,4
1058,12,143,0
1059,12,190,0
1060,11,194,1
1061,10,29,1
1062,11,122,0
1063,11,27,0
1064,11,83,0
1065,7,73,4
1066,11,1332,0
1067,11,45,0
1068,11,276,0
1069,11,160,0
1070,10,236,1
1071,11,86,0
1072,11,171,0
1073,11,182,0
1074,11,408,0
1075,9,33,2
1076,11,139,0
1077,11,202,0
1078,11,118,0
1079,11,101,0
1080,11,120,0
1081,11,54,0
1082,11,638,0
1083,10,78,1
1084,10,224,1
1085,11,101,0
1086,11,99,0
1087,11,67,0
1088,11,422,0
1089,11,31,0
1090,11,196,0
1091,8,40,3
1092,8,45,3
1093,11,66,0
1094,11,172,0
1095,11,401,0
1096,11,117,0
1097,10,144,1
1098,11,54,0
1099,11,83,0
1100,9,131,2
1101,10,101,1
1102,11,161,0
1103,11,103,0
1104,8,28,3
1105,8,97,3
1106,11,36,0
1107,10,172,1
1108,8,121,3
1109,10,2,1
1110,9,118,2
1111,8,57,3
1112,9,0,2
1113,10,74,0
1114,10,5,0
1115,10,141,0
1116,10,85,0
1117,10,100,0
1118,10,245,0
1119,10,183,0
1120,10,54,0
1121,10,81,0
1122,10,42,0
1123,10,178,0
1124,5,30,5
1125,10,88,0
1126,10,23,0
1127,10,116,0
1128,9,284,1
1129,9,41,1
1130,8,309,2
1131,10,124,0
1132,10,200,0
1133,10,493,0
1134,10,57,0
1135,10,154,0
1136,10,139,0
1137,10,74,0
1138,10,211,0
1139,10,194,0
1140,8,34,2
1141,9,43,1
1142,10,157,0
1143,10,164,0
1144,9,70,1
1145,10,204,0
1146,10,249,0
1147,10,323,0
1148,10,52,0
1149,10,134,0
1150,10,266,0
1151,10,410,0
1152,10,192,0
1153,9,161,1
1154,10,79,0
1155,10,90,0
1156,10,141,0
1157,10,52,0
1158,10,23,0
1159,10,94,0
1160,9,102,1
1161,10,194,0
1162,10,183,0
1163,10,240,0
1164,10,247,0
1165,10,173,0
1166,10,45,0
1167,10,30,0
1168,10,27,0
1169,10,189,0
1170,8,134,2
1171,10,91,0
1172,10,257,0
1173,7,103,3
1174,10,282,0
1175,10,266,0
1176,10,61,0
1177,10,111,0
1178,10,211,0
1179,7,252,2
1180,8,36,1
1181,9,79,0
1182,9,68,0
1183,9,53,0
1184,9,56,0
1185,9,137,0
1186,7,214,2
1187,9,50,0
1188,7,98,2
1189,9,187,0
1190,9,164,0
1191,9,70,0
1192,9,187,0
1193,9,12,0
1194,9,197,0
1195,9,38,0
1196,7,62,2
1197,9,111,0
1198,9,229,0
1199,9,161,0
1200,9,74,0
1201,9,119,0
1202,9,104,0
1203,9,205,0
1204,9,117,0
1205,9,102,0
1206,9,47,0
1207,9,133,0
1208,9,91,0
1209,9,215,0
1210,9,189,0
1211,7,45,2
1212,9,63,0
1213,9,244,0
1214,8,15,1
1215,9,48,0
1216,8,156,1
1217,7,22,2
1218,9,184,0
1219,9,25,0
1220,9,73,0
1221,9,42,0
1222,7,22,2
1223,9,31,0
1224,9,160,0
1225,9,94,0
1226,9,34,0
1227,8,6,1
1228,9,117,0
1229,9,18,0
1230,9,122,0
1231,8,46,1
1232,7,37,2
1233,9,84,0
1234,6,27,3
1235,8,50,1
1236,8,46,1
1237,9,47,0
1238,9,62,0
1239,9,106,0
1240,8,50,1
1241,9,114,0
1242,8,0,1
1243,6,0,3
1244,8,142,0
1245,8,42,0
1246,8,83,0
1247,7,40,1
1248,8,49,0
1249,8,49,0
1250,7,97,1
1251,7,231,1
1252,6,85,2
1253,8,131,0
1254,6,59,2
1255,8,78,0
1256,8,20,0
1257,8,87,0
1258,8,44,0
1259,8,25,0
1260,8,421,0
1261,8,83,0
1262,8,103,0
1263,8,270,0
1264,8,83,0
1265,8,35,0
1266,6,59,2
1267,7,23,1
1268,8,135,0
1269,8,44,0
1270,7,104,1
1271,8,149,0
1272,7,52,1
1273,7,138,1
1274,8,91,0
1275,8,464,0
1276,7,66,1
1277,7,151,1
1278,8,36,0
1279,8,23,0
1280,8,63,0
1281,8,52,0
1282,8,61,0
1283,8,86,0
1284,8,66,0
1285,8,139,0
1286,8,65,0
1287,8,98,0
1288,7,98,1
1289,7,103,1
1290,5,22,3
1291,8,95,0
1292,8,29,0
1293,5,25,3
1294,8,109,0
1295,7,44,1
1296,8,21,0
1297,8,35,0
1298,8,107,0
1299,8,66,0
1300,8,191,0
1301,8,102,0
1302,8,109,0
1303,8,37,0
1304,8,95,0
1305,8,38,0
1306,4,0,4
1307,8,79,0
1308,8,72,0
1309,5,40,3
1310,7,132,1
1311,8,34,0
1312,6,60,2
1313,8,148,0
1314,8,184,0
1315,8,56,0
1316,6,31,2
1317,7,82,1
1318,8,47,0
1319,8,55,0
1320,5,56,2
1321,7,32,0
1322,7,29,0
1323,5,88,2
1324,6,111,1
1325,7,42,0
1326,7,71,0
1327,7,142,0
1328,7,95,0
1329,7,124,0
1330,7,89,0
1331,7,149,0
1332,4,190,3
1333,7,154,0
1334,7,25,0
1335,7,26,0
1336,6,76,1
1337,7,125,0
1338,7,152,0
1339,7,63,0
1340,7,65,0
1341,7,75,0
1342,7,101,0
1343,7,140,0
1344,7,24,0
1345,7,103,0
1346,7,276,0
1347,7,81,0
1348,2,0,5
1349,6,21,1
1350,4,37,3
1351,7,49,0
1352,7,58,0
1353,7,28,0
1354,5,21,2
1355,7,62,0
1356,7,131,0
1357,7,42,0
1358,7,84,0
1359,6,40,1
1360,7,173,0
1361,7,53,0
1362,7,39,0
1363,7,117,0
1364,7,22,0
1365,7,124,0
1366,6,38,1
1367,6,8,1
1368,7,65,0
1369,7,95,0
1370,4,6,3
1371,7,153,0
1372,7,130,0
1373,6,33,1
1374,7,88,0
1375,7,151,0
1376,7,51,0
1377,6,0,1
1378,6,88,1
1379,6,116,1
1380,7,104,0
1381,7,103,0
1382,7,60,0
1383,7,40,0
1384,7,15,0
1385,7,83,0
1386,7,114,0
1387,6,106,1
1388,7,53,0
1389,7,105,0
1390,4,0,3
1391,7,12,0
1392,7,84,0
1393,7,78,0
1394,7,42,0
1395,7,92,0
1396,5,0,2
1397,7,10,0
1398,6,91,1
1399,7,141,0
1400,6,38,1
1401,6,103,0
1402,6,65,0
1403,6,60,0
1404,6,138,0
1405,6,30,0
1406,6,23,0
1407,6,29,0
1408,6,87,0
1409,6,38,0
1410,6,38,0
1411,6,47,0
1412,6,126,0
1413,6,94,0
1414,6,54,0
1415,6,35,0
1416,6,27,0
1417,6,44,0
1418,6,144,0
1419,6,1,0
1420,6,60,0
1421,6,47,0
1422,6,249,0
1423,6,48,0
1424,5,28,1
1425,6,82,0
1426,6,41,0
1427,6,97,0
1428,6,59,0
1429,4,30,2
1430,6,112,0
1431,6,40,0
1432,6,34,0
1433,6,38,0
1434,6,81,0
1435,6,33,0
1436,5,68,1
1437,6,20,0
1438,6,91,0
1439,6,19,0
1440,6,53,0
1441,6,71,0
1442,3,14,3
1443,6,208,0
1444,3,23,3
1445,6,64,0
1446,5,163,1
1447,6,40,0
1448,5,97,1
1449,4,29,2
1450,6,47,0
1451,5,61,1
1452,6,951,0
1453,4,68,2
1454,6,64,0
1455,6,107,0
1456,6,86,0
1457,6,16,0
1458,6,48,0
1459,6,82,0
1460,6,0,0
1461,6,999,0
1462,6,103,0
1463,6,194,0
1464,6,130,0
1465,6,104,0
1466,4,32,2
1467,6,137,0
1468,6,20,0
1469,6,6,0
1470,5,15,1
1471,6,34,0
1472,6,52,0
1473,6,74,0
1474,6,27,0
1475,5,20,1
1476,6,69,0
1477,6,138,0
1478,6,24,0
1479,6,75,0
1480,6,69,0
1481,6,108,0
1482,6,52,0
1483,6,17,0
1484,6,116,0
1485,6,76,0
1486,5,27,1
1487,6,96,0
1488,2,4,4
1489,6,46,0
1490,6,100,0
1491,6,55,0
1492,5,9,1
1493,6,60,0
1494,5,61,1
1495,5,33,1
1496,6,28,0
1497,6,52,0
1498,6,108,0
1499,5,10,1
1500,6,71,0
1501,6,56,0
1502,4,4,2
1503,5,70,1
1504,6,96,0
1505,6,32,0
1506,5,31,1
1507,5,3,0
1508,3,28,2
1509,1,63,4
1510,5,31,0
1511,5,12,0
1512,4,89,1
1513,4,25,1
1514,5,88,0
1515,5,44,0
1516,5,70,0
1517,5,10,0
1518,5,23,0
1519,5,101,0
1520,5,8,0
1521,5,11,0
1522,5,39,0
1523,5,22,0
1524,5,45,0
1525,5,26,0
1526,4,14,1
1527,5,61,0
1528,5,261,0
1529,4,11,1
1530,5,52,0
1531,5,13,0
1532,5,21,0
1533,5,27,0
1534,5,204,0
1535,5,83,0
1536,5,33,0
1537,5,123,0
1538,5,51,0
1539,5,12,0
1540,5,98,0
1541,3,49,2
1542,5,472,0
1543,5,27,0
1544,5,95,0
1545,5,79,0
1546,5,13,0
1547,5,63,0
1548,5,702,0
1549,5,619,0
1550,4,77,1
1551,5,36,0
1552,5,61,0
1553,5,69,0
1554,5,43,0
1555,5,21,0
1556,5,31,0
1557,5,345,0
1558,4,30,1
1559,5,21,0
1560,5,179,0
1561,5,10,0
1562,5,216,0
1563,5,85,0
1564,3,63,2
1565,5,37,0
1566,5,16,0
1567,5,61,0
1568,5,1,0
1569,5,69,0
1570,5,70,0
1571,5,76,0
1572,5,82,0
1573,5,26,0
1574,5,82,0
1575,5,29,0
1576,5,40,0
1577,4,2,1
1578,4,6,1
1579,5,2,0
1580,5,49,0
1581,5,28,0
1582,5,44,0
1583,5,116,0
1584,4,53,1
1585,5,136,0
1586,5,173,0
1587,5,17,0
1588,5,38,0
1589,5,57,0
1590,5,22,0
1591,5,28,0
1592,5,36,0
1593,5,28,0
1594,5,25,0
1595,5,41,0
1596,3,25,2
1597,5,10,0
1598,5,118,0
1599,5,21,0
1600,5,25,0
1601,5,122,0
1602,5,89,0
1603,2,12,3
1604,4,23,1
1605,5,62,0
1606,5,24,0
1607,5,79,0
1608,3,13,2
1609,5,168,0
1610,5,133,0
1611,5,37,0
1612,5,74,0
1613,1,0,4
1614,5,11,0
1615,5,91,0
1616,5,52,0
1617,3,26,2
1618,5,40,0
1619,5,49,0
1620,4,29,1
1621,5,57,0
1622,5,37,0
1623,5,49,0
1624,5,8,0
1625,5,129,0
1626,3,42,2
1627,5,45,0
1628,5,146,0
1629,4,40,1
1630,5,43,0
1631,3,17,1
1632,4,226,0
1633,4,20,0
1634,3,21,1
1635,4,25,0
1636,4,75,0
1637,4,52,0
1638,4,106,0
1639,4,23,0
1640,3,21,1
1641,3,21,1
1642,3,60,1
1643,4,19,0
1644,4,26,0
1645,4,6,0
1646,4,11,0
1647,4,36,0
1648,4,15,0
1649,4,36,0
1650,4,45,0
1651,4,64,0
1652,3,0,1
1653,3,0,1
1654,4,8,0
1655,4,2,0
1656,3,0,1
1657,4,29,0
1658,4,42,0
1659,1,20,3
1660,4,64,0
1661,4,145,0
1662,4,31,0
1663,4,101,0
1664,4,41,0
1665,4,25,0
1666,4,11,0
1667,4,48,0
1668,4,48,0
1669,4,86,0
1670,4,13,0
1671,4,28,0
1672,4,11,0
1673,4,64,0
1674,4,26,0
1675,4,9,0
1676,4,166,0
1677,4,60,0
1678,3,10,1
1679,4,45,0
1680,4,49,0
1681,3,31,1
1682,3,2,1
1683,3,41,1
1684,4,110,0
1685,4,18,0
1686,4,33,0
1687,4,41,0
1688,4,19,0
1689,4,12,0
1690,4,50,0
1691,4,1006,0
1692,4,38,0
1693,4,23,0
1694,4,81,0
1695,3,63,1
1696,4,34,0
1697,2,9,2
1698,4,19,0
1699,4,25,0
1700,4,45,0
1701,4,50,0
1702,4,20,0
1703,4,35,0
1704,4,6,0
1705,4,15,0
1706,4,6,0
1707,4,26,0
1708,3,11,1
1709,4,44,0
1710,4,36,0
1711,4,6,0
1712,4,26,0
1713,4,29,0
1714,4,50,0
1715,4,63,0
1716,3,28,1
1717,4,28,0
1718,3,32,1
1719,4,28,0
1720,3,33,1
1721,3,30,1
1722,4,11,0
1723,4,23,0
1724,4,48,0
1725,4,8,0
1726,3,10,1
1727,4,84,0
1728,4,67,0
1729,4,47,0
1730,4,19,0
1731,4,15,0
1732,4,42,0
1733,4,0,0
1734,4,56,0
1735,3,60,1
1736,4,42,0
1737,4,27,0
1738,2,13,2
1739,4,12,0
1740,4,26,0
1741,2,27,2
1742,4,29,0
1743,4,32,0
1744,4,7,0
1745,4,44,0
1746,4,14,0
1747,4,38,0
1748,4,36,0
1749,4,3,0
1750,4,35,0
1751,3,22,1
1752,4,32,0
1753,4,84,0
1754,4,125,0
1755,4,27,0
1756,4,22,0
1757,4,40,0
1758,4,34,0
1759,3,21,1
1760,4,17,0
1761,4,29,0
1762,1,9,3
1763,3,8,1
1764,4,22,0
1765,4,53,0
1766,4,16,0
1767,2,22,2
1768,2,0,2
1769,3,13,1
1770,4,63,0
1771,3,5,0
1772,3,39,0
1773,3,9,0
1774,2,45,1
1775,3,127,0
1776,3,16,0
1777,3,68,0
1778,3,37,0
1779,3,75,0
1780,2,2,1
1781,2,13,1
1782,3,37,0
1783,3,11,0
1784,0,26,3
1785,3,18,0
1786,3,14,0
1787,3,27,0
1788,3,24,0
1789,3,89,0
1790,3,13,0
1791,3,10,0
1792,3,178,0
1793,3,25,0
1794,3,16,0
1795,3,4,0
1796,3,114,0
1797,3,3,0
1798,3,54,0
1799,3,14,0
1800,3,63,0
1801,3,7,0
1802,3,26,0
1803,3,4,0
1804,3,0,0
1805,2,0,1
1806,2,19,1
1807,3,13,0
1808,2,40,1
1809,3,13,0
1810,2,22,1
1811,3,18,0
1812,3,1,0
1813,2,24,1
1814,3,2,0
1815,3,42,0
1816,3,14,0
1817,3,3,0
1818,3,15,0
1819,3,35,0
1820,3,63,0
1821,1,0,2
1822,3,55,0
1823,3,13,0
1824,2,156,1
1825,3,81,0
1826,2,58,1
1827,3,24,0
1828,3,10,0
1829,3,41,0
1830,3,120,0
1831,3,52,0
1832,3,78,0
1833,3,42,0
1834,3,51,0
1835,3,36,0
1836,3,17,0
1837,2,6,1
1838,3,14,0
1839,3,41,0
1840,3,40,0
1841,3,184,0
1842,2,57,1
1843,2,13,1
1844,3,35,0
1845,2,56,1
1846,3,3,0
1847,3,40,0
1848,2,13,1
1849,3,3514,0
1850,3,30,0
1851,3,23,0
1852,3,37,0
1853,3,36,0
1854,3,18,0
1855,3,41,0
1856,3,17,0
1857,3,9,0
1858,3,11,0
1859,3,33,0
1860,2,8,1
1861,3,14,0
1862,3,30,0
1863,3,44,0
1864,3,5,0
1865,3,3,0
1866,3,16,0
1867,3,55,0
1868,3,24,0
1869,3,43,0
1870,2,5,1
1871,3,76,0
1872,3,9,0
1873,3,19,0
1874,3,8,0
1875,3,34,0
1876,3,47,0
1877,3,14,0
1878,1,0,2
1879,3,81,0
1880,2,10,1
1881,3,9,0
1882,3,38,0
1883,2,2,1
1884,3,20,0
1885,3,25,0
1886,3,15,0
1887,3,51,0
1888,3,59,0
1889,3,22,0
1890,3,4,0
1891,3,19,0
1892,3,1,0
1893,2,19,1
1894,3,10,0
1895,3,14,0
1896,3,45,0
1897,3,8,0
1898,3,3,0
1899,3,40,0
1900,3,132,0
1901,3,49,0
1902,3,23,0
1903,1,0,2
1904,3,71,0
1905,3,20,0
1906,1,2,2
1907,3,44,0
1908,2,3,1
1909,3,17,0
1910,3,4,0
1911,3,44,0
1912,3,56,0
1913,3,27,0
1914,1,1,2
1915,3,24,0
1916,3,53,0
1917,2,24,1
1918,3,16,0
1919,3,22,0
1920,3,0,0
1921,3,82,0
1922,3,13,0
1923,3,91,0
1924,3,24,0
1925,3,4,0
1926,3,22,0
1927,3,6,0
1928,2,33,1
1929,3,34,0
1930,2,0,1
1931,3,26,0
1932,3,15,0
1933,3,41,0
1934,3,31,0
1935,3,146,0
1936,1,0,2
1937,3,8,0
1938,2,1,1
1939,3,17,0
1940,2,0,1
1941,3,28,0
1942,3,40,0
1943,3,13,0
1944,3,33,0
1945,3,29,0
1946,3,12,0
1947,3,49,0
1948,3,32,0
1949,2,13,1
1950,2,0,1
1951,3,0,0
1952,2,2,1
1953,3,33,0
1954,2,25,0
1955,1,12,1
1956,2,1162,0
1957,2,10,0
1958,2,11,0
1959,2,2,0
1960,2,0,0
1961,2,47,0
1962,2,48,0
1963,1,4,1
1964,2,22,0
1965,2,10,0
1966,2,13,0
1967,2,9,0
1968,2,0,0
1969,2,8,0
1970,2,2,0
1971,2,4,0
1972,2,10,0
1973,2,0,0
1974,2,17,0
1975,1,2,1
1976,1,10,1
1977,1,19,1
1978,2,57,0
1979,2,6,0
1980,2,15,0
1981,2,1178,0
1982,2,37,0
1983,2,5,0
1984,2,2,0
1985,2,3,0
1986,2,4,0
1987,2,21,0
1988,2,2,0
1989,2,271,0
1990,2,13,0
1991,2,7,0
1992,2,6,0
1993,2,3,0
1994,2,5,0
1995,2,9,0
1996,2,13,0
1997,2,22,0
1998,1,16,1
1999,2,2,0
2000,2,16,0
2001,2,3,0
2002,2,5,0
2003,2,22,0
2004,2,155,0
2005,2,0,0
2006,2,0,0
2007,2,0,0
2008,2,0,0
2009,2,26,0
2010,2,0,0
2011,2,0,0
2012,2,16,0
2013,2,0,0
2014,2,0,0
2015,2,27,0
2016,2,4,0
2017,1,12,1
2018,2,81,0
2019,2,0,0
2020,2,17,0
2021,2,11,0
2022,2,4,0
2023,1,0,1
2024,2,76,0
2025,2,0,0
2026,2,2,0
2027,2,12,0
2028,2,32,0
2029,2,1,0
2030,2,51,0
2031,1,4,1
2032,2,53,0
2033,2,265,0
2034,2,21,0
2035,2,19,0
2036,2,22,0
2037,2,40,0
2038,2,73,0
2039,2,15,0
2040,2,9,0
2041,2,42,0
2042,2,92,0
2043,2,22,0
2044,1,29,1
2045,1,0,1
2046,2,0,0
2047,2,12,0
2048,1,7,1
2049,2,39,0
2050,2,0,0
2051,2,15,0
2052,1,11,1
2053,2,0,0
2054,2,0,0
2055,2,12,0
2056,2,11,0
2057,1,5,1
2058,2,14,0
2059,2,4,0
2060,2,14,0
2061,2,43,0
2062,2,1,0
2063,2,19,0
2064,2,10,0
2065,2,13,0
2066,2,16,0
2067,2,24,0
2068,1,4,1
2069,2,31,0
2070,2,25,0
2071,2,2,0
2072,2,8,0
2073,2,22,0
2074,2,10,0
2075,2,50,0
2076,2,7,0
2077,2,33,0
2078,2,43,0
2079,2,2,0
2080,2,112,0
2081,2,90,0
2082,2,46,0
2083,1,0,1
2084,2,36,0
2085,2,6,0
2086,2,34,0
2087,2,5,0
2088,2,25,0
2089,2,1,0
2090,2,5,0
2091,2,241,0
2092,2,12,0
2093,2,22,0
2094,2,6,0
2095,2,9,0
2096,2,17,0
2097,2,13,0
2098,2,16,0
2099,2,13,0
2100,2,196,0
2101,2,0,0
2102,2,0,0
2103,2,66,0
2104,2,5,0
2105,2,4,0
2106,2,1,0
2107,2,4,0
2108,2,14,0
2109,2,18,0
2110,2,17,0
2111,2,4,0
2112,2,11,0
2113,2,18,0
2114,2,13,0
2115,2,57,0
2116,2,5,0
2117,2,229,0
2118,2,21,0
2119,2,29,0
2120,2,13,0
2121,2,33,0
2122,2,6,0
2123,2,4,0
2124,2,1,0
2125,1,0,1
2126,2,10,0
2127,2,2,0
2128,1,0,1
2129,2,23,0
2130,2,10,0
2131,2,13,0
2132,1,3,1
2133,2,1,0
2134,2,10,0
2135,2,3,0
2136,2,0,0
2137,2,3,0
2138,2,10,0
2139,2,14,0
2140,1,0,1
2141,2,1,0
2142,2,0,0
2143,2,4,0
2144,2,7,0
2145,2,2,0
2146,2,7,0
2147,2,1,0
2148,2,8,0
2149,2,20,0
2150,2,592,0
2151,2,9,0
2152,2,119,0
2153,2,2,0
2154,2,8,0
2155,2,9,0
2156,2,0,0
2157,2,8,0
2158,2,19,0
2159,2,8,0
2160,2,6,0
2161,2,31,0
2162,2,34,0
2163,2,7,0
2164,2,1,0
2165,2,1,0
2166,2,8,0
2167,2,0,0
2168,2,18,0
2169,2,6,0
2170,2,3,0
2171,2,12,0
2172,2,6,0
2173,2,17,0
2174,2,2,0
2175,2,6,0
2176,1,2,1
2177,2,4,0
2178,2,16,0
2179,1,2,1
2180,2,29,0
2181,2,1,0
2182,2,13,0
2183,2,4,0
2184,2,0,0
2185,2,3,0
2186,2,13,0
2187,2,16,0
2188,2,3,0
2189,2,12,0
2190,2,2,0
2191,2,2,0
2192,2,3,0
2193,1,9,1
2194,2,1,0
2195,2,20,0
2196,2,7,0
2197,2,11,0
2198,2,0,0
2199,2,23,0
2200,2,12,0
2201,2,17,0
2202,2,0,0
2203,2,12,0
2204,2,0,0
2205,2,14,0
2206,2,7,0
2207,2,6,0
2208,2,17,0
2209,2,45,0
2210,2,10,0
2211,2,1,0
2212,2,16,0
2213,2,31,0
2214,2,6,0
2215,2,2,0
2216,2,0,0
2217,2,0,0
2218,2,1,0
2219,2,26,0
2220,2,20,0
2221,1,5,1
2222,2,7,0
2223,2,31,0
2224,2,10,0
2225,2,35,0
2226,2,7,0
2227,2,17,0
2228,2,59,0
2229,2,16,0
2230,2,7,0
2231,2,7,0
2232,2,114,0
2233,2,16,0
2234,2,41,0
2235,2,20,0
2236,2,4,0
2237,2,0,0
2238,2,21,0
2239,1,0,1
2240,2,8,0
2241,0,0,2
2242,2,11,0
2243,1,18,1
2244,2,0,0
2245,2,89,0
2246,2,14,0
2247,2,11,0
2248,2,17,0
2249,2,56,0
2250,1,1,1
2251,2,0,0
2252,1,5,1
2253,2,19,0
2254,0,0,2
2255,2,17,0
2256,1,0,0
2257,0,25,1
2258,1,3,0
2259,1,1,0
2260,0,15,1
2261,1,21,0
2262,1,161,0
2263,1,2,0
2264,1,0,0
2265,1,0,0
2266,1,9,0
2267,1,0,0
2268,1,1,0
2269,0,1,1
2270,1,1,0
2271,0,1,1
2272,1,0,0
2273,1,1,0
2274,1,0,0
2275,1,43,0
2276,0,1,1
2277,1,0,0
2278,1,1,0
2279,1,5,0
2280,1,0,0
2281,1,7,0
2282,1,44,0
2283,1,9,0
2284,1,0,0
2285,1,0,0
2286,1,2,0
2287,1,0,0
2288,0,4,1
2289,1,3,0
2290,1,7,0
2291,1,10,0
2292,1,1,0
2293,1,2,0
2294,1,30,0
2295,1,7,0
2296,1,3,0
2297,1,3,0
2298,1,0,0
2299,1,45,0
2300,1,7,0
2301,1,0,0
2302,1,0,0
2303,1,0,0
2304,1,0,0
2305,0,3,1
2306,1,1,0
2307,1,0,0
2308,1,0,0
2309,1,4,0
2310,1,0,0
2311,1,6,0
2312,1,1,0
2313,1,0,0
2314,1,0,0
2315,1,2,0
2316,1,10,0
2317,1,0,0
2318,1,0,0
2319,1,8,0
2320,1,9,0
2321,1,1,0
2322,1,2,0
2323,1,8,0
2324,1,0,0
2325,1,10,0
2326,1,0,0
2327,1,0,0
2328,1,18,0
2329,1,0,0
2330,1,0,0
2331,1,4,0
2332,1,0,0
2333,1,0,0
2334,1,0,0
2335,1,0,0
2336,1,0,0
2337,1,0,0
2338,1,6,0
2339,1,0,0
2340,1,0,0
2341,1,27,0
2342,1,0,0
2343,1,0,0
2344,1,0,0
2345,1,0,0
2346,1,0,0
2347,1,0,0
2348,1,0,0
2349,1,1,0
2350,1,0,0
2351,1,0,0
2352,1,0,0
2353,1,0,0
2354,1,0,0
2355,1,0,0
2356,1,2,0
2357,1,0,0
2358,1,0,0
2359,1,0,0
2360,1,0,0
2361,1,0,0
2362,1,0,0
2363,1,0,0
2364,1,0,0
2365,1,0,0
2366,1,0,0
2367,1,0,0
2368,1,0,0
2369,1,0,0
2370,1,0,0
2371,1,0,0
2372,1,0,0
2373,1,0,0
2374,1,0,0
2375,1,0,0
2376,1,0,0
2377,1,0,0
2378,0,0,1
2379,1,3,0
2380,1,5,0
2381,1,0,0
2382,1,0,0
2383,1,0,0
2384,1,28,0
2385,0,10,1
2386,1,0,0
2387,1,11,0
2388,1,0,0
2389,1,0,0
2390,0,0,1
2391,1,5,0
2392,1,0,0
2393,0,0,1
2394,1,6,0
2395,1,61,0
2396,1,2,0
2397,1,0,0
2398,1,0,0
2399,1,7,0
2400,1,4,0
2401,1,16,0
2402,0,7,1
2403,1,7,0
2404,1,0,0
2405,1,9,0
2406,1,0,0
2407,1,3,0
2408,1,4,0
2409,1,0,0
2410,1,0,0
2411,0,0,1
2412,1,0,0
2413,1,2598,0
2414,1,2,0
2415,1,1,0
2416,1,0,0
2417,1,23,0
2418,1,2,0
2419,1,3,0
2420,1,8,0
2421,1,12,0
2422,1,0,0
2423,1,5,0
2424,1,7,0
2425,1,0,0
2426,1,13,0
2427,1,0,0
2428,1,5,0
2429,1,22,0
2430,0,0,1
2431,1,6,0
2432,1,0,0
2433,1,0,0
2434,1,0,0
2435,1,0,0
2436,1,0,0
2437,1,0,0
2438,1,4,0
2439,1,4,0
2440,1,22,0
2441,0,25,1
2442,1,0,0
2443,1,0,0
2444,1,6,0
2445,1,0,0
2446,1,4,0
2447,1,418,0
2448,1,6,0
2449,1,0,0
2450,1,4,0
2451,1,0,0
2452,1,2,0
2453,1,4,0
2454,1,17,0
2455,1,0,0
2456,1,5,0
2457,1,19,0
2458,1,3,0
2459,1,0,0
2460,1,0,0
2461,1,0,0
2462,1,0,0
2463,1,21,0
2464,1,0,0
2465,1,0,0
2466,1,3,0
2467,1,0,0
2468,1,2,0
2469,1,2,0
2470,1,1,0
2471,0,62,1
2472,1,0,0
2473,1,0,0
2474,1,0,0
2475,1,40,0
2476,1,4,0
2477,1,59,0
2478,1,2,0
2479,1,0,0
2480,1,0,0
2481,1,1,0
2482,1,0,0
2483,1,0,0
2484,1,2,0
2485,1,0,0
2486,1,5,0
2487,1,0,0
2488,1,0,0
2489,1,5,0
2490,1,0,0
2491,1,0,0
2492,0,12,1
2493,1,8,0
2494,1,4,0
2495,1,0,0
2496,1,0,0
2497,1,22,0
2498,1,0,0
2499,1,0,0
2500,1,0,0
2501,1,0,0
2502,1,14,0
2503,1,0,0
2504,1,6,0
2505,0,7,1
2506,0,2,1
2507,1,0,0
2508,1,0,0
2509,1,0,0
2510,1,0,0
2511,1,4,0
2512,1,0,0
2513,1,3,0
2514,1,11,0
2515,1,2,0
2516,1,0,0
2517,1,6,0
2518,1,7,0
2519,1,16,0
2520,1,8,0
2521,1,0,0
2522,1,0,0
2523,1,0,0
2524,1,150,0
2525,1,4,0
2526,1,5,0
2527,1,0,0
2528,0,12,1
2529,1,9,0
2530,1,12,0
2531,1,211,0
2532,1,3,0
2533,1,0,0
2534,1,4,0
2535,1,0,0
2536,1,0,0
2537,1,0,0
2538,1,14,0
2539,1,0,0
2540,1,0,0
2541,1,4,0
2542,1,0,0
2543,1,0,0
2544,1,8,0
2545,1,0,0
2546,1,3,0
2547,1,1,0
2548,1,38,0
2549,1,0,0
2550,1,0,0
2551,1,0,0
2552,1,8,0
2553,1,1,0
2554,0,0,1
2555,1,0,0
2556,1,0,0
2557,1,158,0
2558,1,8,0
2559,1,0,0
2560,1,3,0
2561,1,3,0
2562,1,0,0
2563,1,0,0
2564,1,0,0
2565,1,14,0
2566,1,0,0
2567,1,0,0
2568,1,0,0
2569,1,1,0
2570,1,3,0
2571,1,4,0
2572,1,3,0
2573,1,8,0
2574,1,0,0
2575,1,6,0
2576,1,0,0
2577,1,3,0
2578,1,2,0
2579,1,2,0
2580,1,442,0
2581,1,1,0
2582,1,0,0
2583,1,0,0
2584,1,8,0
2585,1,0,0
2586,1,6,0
2587,1,3,0
2588,1,42,0
2589,1,2,0
2590,1,1,0
2591,1,3,0
2592,1,1,0
2593,1,0,0
2594,1,0,0
2595,1,0,0
2596,1,0,0
2597,1,0,0
2598,1,1,0
2599,1,0,0
2600,1,0,0
2601,1,0,0
2602,1,0,0
2603,1,0,0
2604,1,0,0
2605,1,0,0
2606,1,0,0
2607,1,3,0
2608,1,0,0
2609,1,0,0
2610,1,0,0
2611,1,0,0
2612,1,19,0
2613,1,2,0
2614,1,0,0
2615,1,0,0
2616,1,2,0
2617,1,31,0
2618,1,9,0
2619,1,0,0
2620,1,4,0
2621,1,0,0
2622,1,1,0
2623,1,0,0
2624,1,0,0
2625,1,22,0
2626,1,23,0
2627,1,2,0
2628,1,0,0
2629,1,0,0
2630,1,0,0
2631,1,0,0
2632,1,6,0
2633,0,0,1
2634,1,0,0
2635,1,2,0
2636,1,4,0
2637,1,0,0
2638,1,0,0
2639,1,0,0
2640,1,2,0
2641,1,0,0
2642,1,4,0
2643,1,0,0
2644,1,60,0
2645,1,0,0
2646,1,0,0
2647,1,1,0
2648,1,2,0
2649,1,2,0
2650,1,0,0
2651,1,3,0
2652,1,0,0
2653,1,0,0
2654,1,0,0
2655,1,0,0
2656,1,0,0
2657,1,2,0
2658,1,0,0
2659,1,0,0
2660,1,0,0
2661,1,0,0
2662,1,0,0
2663,1,0,0
2664,1,13,0
2665,1,0,0
2666,1,53,0
2667,1,2,0
2668,1,0,0
2669,1,0,0
2670,1,1,0
2671,1,4,0
2672,1,6,0
2673,1,126,0
2674,1,0,0
2675,1,0,0
2676,1,0,0
2677,1,0,0
2678,1,0,0
2679,1,3,0
2680,1,0,0
2681,1,0,0
2682,1,2,0
2683,1,0,0
2684,1,6,0
2685,1,28,0
2686,1,0,0
2687,1,0,0
2688,1,0,0
2689,1,42,0
2690,1,655,0
2691,1,0,0
2692,1,0,0
2693,1,3,0
2694,1,4,0
2695,1,64,0
2696,1,0,0
2697,1,0,0
2698,1,7,0
2699,1,0,0
2700,1,0,0
2701,1,0,0
2702,0,0,1
2703,1,0,0
2704,1,0,0
2705,1,0,0
2706,1,15,0
2707,1,0,0
2708,1,0,0
2709,1,0,0
2710,1,0,0
2711,1,0,0
2712,1,0,0
2713,1,5,0
2714,1,13,0
2715,1,19,0
2716,1,3,0
2717,1,3,0
2718,1,2,0
2719,1,5,0
2720,1,2,0
2721,1,1,0
2722,1,2,0
2723,1,0,0
2724,0,0,1
2725,1,20,0
2726,1,3,0
2727,1,0,0
2728,1,0,0
2729,1,4,0
2730,1,3,0
2731,1,0,0
2732,1,9,0
2733,1,33,0
2734,1,0,0
2735,1,159,0
2736,1,39,0
2737,1,0,0
2738,1,5,0
2739,1,7,0
2740,1,4,0
2741,1,35,0
2742,1,0,0
2743,1,0,0
2744,1,0,0
2745,1,0,0
2746,1,0,0
2747,1,43,0
2748,1,5,0
2749,1,6,0
2750,1,62,0
2751,1,5,0
2752,1,0,0
2753,1,1,0
2754,1,5,0
2755,1,0,0
2756,1,3,0
2757,1,0,0
2758,1,0,0
2759,1,0,0
2760,1,13,0
2761,1,0,0
2762,1,2,0
2763,1,4,0
2764,1,0,0
2765,1,4,0
2766,1,0,0
2767,1,0,0
2768,1,0,0
2769,1,0,0
2770,1,0,0
2771,1,0,0
2772,1,2,0
2773,1,52,0
2774,1,1,0
2775,1,2,0
2776,1,13,0
2777,1,0,0
2778,1,0,0
2779,1,0,0
2780,1,0,0
2781,1,4,0
2782,1,0,0
2783,1,0,0
2784,1,8,0
2785,1,0,0
2786,1,0,0
2787,1,13,0
2788,1,0,0
2789,1,7,0
2790,1,0,0
2791,1,0,0
2792,1,0,0
2793,1,0,0
2794,1,2,0
2795,1,0,0
2796,1,0,0
2797,1,0,0
2798,1,15,0
2799,1,4,0
2800,1,10,0
2801,1,0,0
2802,1,2,0
2803,1,8,0
2804,1,0,0
2805,1,0,0
2806,1,3,0
2807,1,15,0
2808,1,6,0
2809,1,0,0
2810,1,0,0
2811,1,0,0
2812,1,0,0
2813,1,0,0
2814,1,0,0
2815,1,14,0
2816,1,0,0
2817,1,0,0
2818,1,0,0
2819,1,0,0
2820,1,0,0
2821,1,0,0
2822,1,0,0
2823,1,0,0
2824,1,2,0
2825,1,0,0
2826,1,0,0
2827,1,2,0
2828,1,5,0
2829,1,9,0
2830,1,0,0
2831,1,0,0
2832,1,0,0
2833,1,0,0
2834,1,2,0
2835,1,0,0
2836,1,4,0
2837,1,0,0
2838,1,10,0
2839,1,0,0
2840,1,0,0
2841,1,2,0
2842,1,0,0
2843,1,0,0
2844,1,0,0
2845,1,0,0
2846,1,0,0
2847,1,0,0
2848,1,0,0
2849,1,1,0
2850,1,0,0
2851,1,0,0
2852,1,0,0
2853,1,3,0
2854,1,0,0
2855,1,2,0
2856,1,0,0
2857,1,0,0
2858,1,0,0
2859,1,0,0
2860,1,0,0
2861,1,0,0
2862,1,0,0
2863,1,16,0
2864,1,0,0
2865,1,2,0
2866,1,0,0
2867,1,5,0
2868,1,0,0
2869,1,0,0
2870,1,0,0
2871,1,0,0
2872,1,2,0
2873,1,10,0
2874,1,26,0
2875,1,0,0
2876,1,4,0
2877,1,0,0
2878,1,5,0
2879,1,0,0
2880,1,0,0
2881,1,0,0
2882,1,0,0
2883,1,1,0
2884,1,0,0
2885,1,4,0
2886,1,0,0
2887,1,4,0
2888,1,1,0
2889,1,0,0
2890,1,0,0
2891,1,0,0
2892,1,0,0
2893,1,3,0
2894,1,1,0
2895,1,1,0
2896,1,0,0
2897,1,10,0
2898,1,2,0
2899,1,0,0
2900,1,0,0
2901,1,2,0
2902,1,19,0
2903,1,22,0
2904,1,25,0
2905,1,0,0
2906,1,0,0
2907,1,3,0
2908,1,0,0
2909,1,0,0
2910,1,0,0
2911,1,255,0
2912,1,1,0
2913,1,0,0
2914,1,24,0
2915,1,0,0
2916,1,10,0
2917,1,4,0
2918,1,7,0
2919,1,0,0
2920,1,0,0
2921,1,1,0
2922,1,0,0
2923,1,0,0
2924,1,0,0
2925,1,2,0
2926,1,9,0
2927,1,4,0
2928,1,0,0
2929,1,943,0
2930,1,494,0
2931,1,0,0
2932,1,10,0
2933,1,0,0
2934,1,0,0
2935,1,0,0
2936,1,0,0
2937,1,0,0
2938,1,0,0
2939,1,2,0
2940,1,16,0
2941,1,0,0
2942,1,0,0
2943,1,0,0
2944,1,0,0
2945,1,16,0
2946,1,1,0
2947,1,7,0
2948,1,0,0
2949,1,22,0
2950,1,0,0
2951,1,0,0
2952,1,5,0
2953,1,0,0
2954,1,0,0
2955,1,73,0
2956,1,19,0
2957,1,13,0
2958,1,0,0
2959,1,10,0
2960,1,2,0
2961,1,175,0
2962,1,0,0
2963,1,0,0
2964,1,0,0
2965,1,0,0
2966,1,0,0
2967,1,0,0
2968,1,2,0
2969,1,0,0
2970,1,0,0
2971,1,0,0
2972,1,15,0
2973,1,0,0
2974,1,9,0
2975,0,0,1
2976,1,8,0
2977,1,25,0
2978,1,5,0
2979,1,0,0
2980,1,2,0
2981,1,0,0
2982,1,0,0
2983,1,10,0
2984,1,0,0
2985,1,12,0
2986,1,0,0
2987,1,5,0
2988,1,0,0
2989,1,7,0
2990,1,15,0
2991,1,0,0
2992,1,0,0
2993,1,21,0
2994,1,0,0
2995,1,0,0
2996,1,29,0
2997,1,0,0
2998,1,0,0
2999,1,0,0
3000,1,0,0
3001,1,0,0
3002,1,1,0
3003,1,0,0
3004,1,0,0
3005,1,0,0
3006,1,0,0
3007,1,0,0
3008,1,2,0
3009,0,0,1
3010,1,8,0
3011,1,2,0
3012,1,0,0
3013,1,6,0
3014,1,21,0
3015,1,0,0
3016,1,8,0
3017,1,19,0
3018,1,12,0
3019,1,0,0
3020,1,0,0
3021,1,0,0
3022,1,3,0
3023,1,1,0
3024,1,10,0
3025,1,0,0
3026,1,4,0
3027,1,8,0
3028,1,5,0
3029,1,0,0
3030,1,4,0
3031,1,1,0
3032,1,0,0
3033,1,0,0
3034,1,0,0
3035,0,0,1